metric,mean,std
ACC,0.9995073891625615,0.0009852216748768682
AUC,0.9996108949416342,0.0007782101167315037
TP,1.0,NA
TN,1.0,NA
FP,0.0,NA
FN,0.0,NA
