metric,mean,std
ACC,0.9995073891625615,0.0009852216748768682
AUC,0.9995001196522109,0.000999760695578189
TP,1.0,NA
TN,1.0,NA
FP,0.0,NA
FN,0.0,NA
