metric,mean,std
ACC,0.9998699609882966,0.0002600780234070399
AUC,0.9999054820415878,0.0001890359168242095
TP,1.0,NA
TN,1.0,NA
FP,0.0,NA
FN,0.0,NA
